{
  "timestamp": "2025-12-28T11:53:51.912353",
  "backend_version": "v0.1.0",
  "system_status": {
    "system_state": "OK",
    "brain": "Online",
    "agents": "Running (4/4)",
    "backup": "Today 04:00 AM",
    "cache": "Ready",
    "last_incident": null,
    "latency_ms": 12,
    "updated_at": "2025-12-28T11:53:51.912395",
    "backend_version": "v0.1.0"
  },
  "n8n_status": {
    "ok": false,
    "workflows": [
      {
        "name": "Incident Agent",
        "status": "Running",
        "last_run": "2m ago",
        "next_run": "in 3m"
      },
      {
        "name": "Evidence Agent",
        "status": "Running",
        "last_run": "5m ago",
        "next_run": "in 10m"
      },
      {
        "name": "Backup Agent",
        "status": "Idle",
        "last_run": "1h ago",
        "next_run": "in 5h"
      },
      {
        "name": "Forecast Refresh",
        "status": "Running",
        "last_run": "10m ago",
        "next_run": "in 50m"
      }
    ],
    "queue": {
      "pending": 5
    },
    "webhooks_last_ping": "Offline (Seed)"
  },
  "backup_status": {
    "last_ok_ts": null,
    "last_file": null,
    "size_bytes": 0,
    "age_seconds": 0
  },
  "incidents": {
    "incidents": []
  },
  "health": {
    "ui": "OK",
    "api": "OK",
    "db": "OK",
    "n8n": "OK",
    "ts": 1766912031,
    "status": "OK"
  }
}